{"accuracy": [0.5408471822738647, 0.7231467366218567, 0.7594553828239441, 0.7881997227668762, 0.8373676538467407, 0.891830563545227, 0.9379727840423584, 0.9561271071434021, 0.9583963751792908, 0.9689863920211792], "loss": [0.9467418193817139, 0.6123279333114624, 0.5542356967926025, 0.5121157765388489, 0.41975054144859314, 0.2905668616294861, 0.18813741207122803, 0.12311302125453949, 0.09985025227069855, 0.0947350561618805], "val_accuracy": [0.7666666507720947, 0.6499999761581421, 0.8500000238418579, 0.8500000238418579, 0.8500000238418579, 0.8333333134651184, 0.8500000238418579, 0.9333333373069763, 0.9166666865348816, 0.9333333373069763], "val_loss": [0.5568283200263977, 0.6778685450553894, 0.4769313931465149, 0.37523186206817627, 0.3937985599040985, 0.3890630006790161, 0.3490448594093323, 0.1482698917388916, 0.19508622586727142, 0.14323924481868744]}